run_id,phase,proc,seq,pair,mol,xc,basis,arm,wall_s,t0,t1,e,cycles,converged,tier,xc_s,jk_s,dfbuild_s,eig_s,nlc_s,xc_n,jk_n,dfbuild_n,eig_n,error
37535025280-1-d05888b8,P1_stock_first,0,0,0,paracetamol,r2scan,mtzvpp,stock,137.2979,1791324938.420419,1791325075.7482495,-515.3814799379112,13,True,,,,,,,,,,,
37535025280-1-d05888b8,P1_stock_first,0,1,1,paracetamol,r2scan,mtzvpp,stock,3.3303,1791325075.7648363,1791325079.1009314,-515.381479937911,13,True,,,,,,,,,,,
37535025280-1-d05888b8,P1_stock_first,0,2,0,paracetamol,b3lyp,mtzvpp,stock,3.4109,1791325079.1171424,1791325082.5338655,-515.6676423604534,12,True,,,,,,,,,,,
37535025280-1-d05888b8,P1_stock_first,0,3,1,paracetamol,b3lyp,mtzvpp,stock,1.9572,1791325082.5516386,1791325084.514601,-515.6676423604534,12,True,,,,,,,,,,,
37535025280-1-d05888b8,P1_stock_first,0,4,0,paracetamol,wb97m-v,mtzvpp,stock,20.2132,1791325084.530178,1791325104.7501671,-515.475500711293,12,True,,,,,,,,,,,
37535025280-1-d05888b8,P1_stock_first,0,5,1,paracetamol,wb97m-v,mtzvpp,stock,19.5667,1791325104.7669747,1791325124.3400471,-515.4755007112932,12,True,,,,,,,,,,,
37535025280-1-d05888b8,P2_mixed_first,0,0,0,paracetamol,r2scan,mtzvpp,mixed,4.1892,1791325125.9802825,1791325130.1998756,-515.381479937911,13,True,fp64+fp32,,,,,,,,,,
37535025280-1-d05888b8,P2_mixed_first,0,1,1,paracetamol,r2scan,mtzvpp,mixed,2.3265,1791325130.2154486,1791325132.547688,-515.3814799379105,13,True,fp64+fp32,,,,,,,,,,
37535025280-1-d05888b8,P2_mixed_first,0,2,0,paracetamol,b3lyp,mtzvpp,mixed,1.463,1791325132.5647104,1791325134.0332565,-515.667642360453,12,True,fp64+fp32,,,,,,,,,,
37535025280-1-d05888b8,P2_mixed_first,0,3,1,paracetamol,b3lyp,mtzvpp,mixed,1.2696,1791325134.0504775,1791325135.3256888,-515.6676423604534,12,True,fp64+fp32,,,,,,,,,,
37535025280-1-d05888b8,P2_mixed_first,0,4,0,paracetamol,wb97m-v,mtzvpp,mixed,8.0478,1791325135.3415399,1791325143.3956726,-515.4755007112932,12,True,fp64,,,,,,,,,,
37535025280-1-d05888b8,P2_mixed_first,0,5,1,paracetamol,wb97m-v,mtzvpp,mixed,6.9239,1791325143.4138258,1791325150.3439856,-515.475500711293,12,True,fp64,,,,,,,,,,
37535025280-1-d05888b8,P3_mixed_again,0,0,0,paracetamol,r2scan,mtzvpp,mixed,3.0631,1791325151.9513745,1791325155.043857,-515.3814799379101,13,True,fp64+fp32,,,,,,,,,,
37535025280-1-d05888b8,P3_mixed_again,0,1,1,paracetamol,r2scan,mtzvpp,mixed,2.2508,1791325155.0616457,1791325157.318024,-515.3814799379103,13,True,fp64+fp32,,,,,,,,,,
37535025280-1-d05888b8,P3_mixed_again,0,2,0,paracetamol,b3lyp,mtzvpp,mixed,1.2932,1791325157.3344467,1791325158.6332383,-515.6676423604534,12,True,fp64+fp32,,,,,,,,,,
37535025280-1-d05888b8,P3_mixed_again,0,3,1,paracetamol,b3lyp,mtzvpp,mixed,1.2792,1791325158.6501694,1791325159.9350326,-515.667642360453,12,True,fp64+fp32,,,,,,,,,,
37535025280-1-d05888b8,P3_mixed_again,0,4,0,paracetamol,wb97m-v,mtzvpp,mixed,7.0103,1791325159.9509525,1791325166.967624,-515.475500711293,12,True,fp64,,,,,,,,,,
37535025280-1-d05888b8,P3_mixed_again,0,5,1,paracetamol,wb97m-v,mtzvpp,mixed,6.9459,1791325166.9856386,1791325173.9378686,-515.4755007112927,12,True,fp64,,,,,,,,,,
37535025280-1-d05888b8,P4_mixed_wiped_cupy,0,0,0,paracetamol,r2scan,mtzvpp,mixed,12.1448,1791325176.131291,1791325188.3057866,-515.3814799379101,13,True,fp64+fp32,,,,,,,,,,
37535025280-1-d05888b8,P4_mixed_wiped_cupy,0,1,1,paracetamol,r2scan,mtzvpp,mixed,2.2161,1791325188.3222568,1791325190.5436647,-515.3814799379105,13,True,fp64+fp32,,,,,,,,,,
37535025280-1-d05888b8,P4_mixed_wiped_cupy,0,2,0,paracetamol,b3lyp,mtzvpp,mixed,2.8862,1791325190.5593312,1791325193.4510925,-515.667642360453,12,True,fp64+fp32,,,,,,,,,,
37535025280-1-d05888b8,P4_mixed_wiped_cupy,0,3,1,paracetamol,b3lyp,mtzvpp,mixed,1.2824,1791325193.468719,1791325194.7568402,-515.667642360453,12,True,fp64+fp32,,,,,,,,,,
37535025280-1-d05888b8,P4_mixed_wiped_cupy,0,4,0,paracetamol,wb97m-v,mtzvpp,mixed,8.5283,1791325194.7733684,1791325203.3080845,-515.475500711293,12,True,fp64,,,,,,,,,,
37535025280-1-d05888b8,P4_mixed_wiped_cupy,0,5,1,paracetamol,wb97m-v,mtzvpp,mixed,6.9066,1791325203.3248293,1791325210.237775,-515.475500711293,12,True,fp64,,,,,,,,,,
37535025280-1-d05888b8,P5_mixed_wiped_cuda,0,0,0,paracetamol,r2scan,mtzvpp,mixed,127.878,1791325211.8596582,1791325339.766785,-515.3814799379105,13,True,fp64+fp32,,,,,,,,,,
37535025280-1-d05888b8,P5_mixed_wiped_cuda,0,1,1,paracetamol,r2scan,mtzvpp,mixed,2.2052,1791325339.7833755,1791325341.9938738,-515.3814799379105,13,True,fp64+fp32,,,,,,,,,,
37535025280-1-d05888b8,P5_mixed_wiped_cuda,0,2,0,paracetamol,b3lyp,mtzvpp,mixed,1.2812,1791325342.0076978,1791325343.294513,-515.667642360453,12,True,fp64+fp32,,,,,,,,,,
37535025280-1-d05888b8,P5_mixed_wiped_cuda,0,3,1,paracetamol,b3lyp,mtzvpp,mixed,1.274,1791325343.3093145,1791325344.5892198,-515.667642360453,12,True,fp64+fp32,,,,,,,,,,
37535025280-1-d05888b8,P5_mixed_wiped_cuda,0,4,0,paracetamol,wb97m-v,mtzvpp,mixed,7.0714,1791325344.605363,1791325351.6832926,-515.475500711293,12,True,fp64,,,,,,,,,,
37535025280-1-d05888b8,P5_mixed_wiped_cuda,0,5,1,paracetamol,wb97m-v,mtzvpp,mixed,6.8914,1791325351.7004697,1791325358.5984159,-515.475500711293,12,True,fp64,,,,,,,,,,
