csv,run_id,key,status,reference,max_dg,max_dmu,de,rho_g,rho_mu,max_dg_sp,max_dmu_sp
c0,36951733967-1-0ee605b6,downstream/paracetamol/r2scan/mtzvpp,OK,R,1.3680238348801055e-06,4.988168803887749e-05,1.2846612662542611e-10,4.0864107929921385,8.548780374096207,3.3477393834857594e-07,5.834947893856857e-06
d1,37038641497-1-3890e545,downstream/paracetamol/r2scan/mtzvpp,OK,R,1.3688831159708315e-06,4.9965325179091025e-05,1.2869350030086935e-10,4.088978855894057,8.563117117715347,3.3477383087898716e-07,5.834945907223776e-06
d1,37038641497-1-3890e545,downstream/propranolol/r2scan/mtzvpp,OK,R,7.036955489425623e-07,2.0995301175164016e-05,3.092281986027956e-11,0.7590993160704566,0.3087899231135373,9.270138097150493e-07,6.799218369391014e-05
d1,37038641497-1-3890e545,downstream/celecoxib/r2scan/mtzvpp,OK,R,1.1625365292644574e-06,7.002489962815162e-05,3.728928277269006e-11,0.814834725622315,2.7022839885397536,1.4267145136415138e-06,2.5913227449492204e-05
d1,37038641497-1-3890e545,downstream/fluconazole/r2scan/mtzvpp,GATE_FAIL,R,1.9611745489811483e-06,0.00010039160588570795,1.355147105641663e-10,2.2047544523476836,1.390523186143454,8.895206207171213e-07,7.219700245642002e-05
d1,37038641497-1-3890e545,downstream/warfarin/r2scan/mtzvpp,OK,R,6.554766454058836e-07,6.429602565072301e-05,3.9108272176235914e-11,0.24208670306672128,1.166604803376304,2.70761110421347e-06,5.511380157585677e-05
d1,37038641497-1-3890e545,downstream/omeprazole/r2scan/mtzvpp,OK,R,1.4943917059362377e-06,6.456935101883943e-05,9.322320693172514e-11,0.8192030159220105,0.782845246192705,1.8242019095282558e-06,8.248035142688348e-05
d1,37038641497-1-3890e545,downstream/paracetamol/b3lyp/mtzvpp,OK,R,1.3362409094774819e-06,4.788563799262846e-05,2.2737367544323206e-11,1.6443898242986033,2.2198384773238478,8.126059221069681e-07,2.1571676715126387e-05
d1,37038641497-1-3890e545,downstream/propranolol/b3lyp/mtzvpp,OK,R,7.359436793308305e-07,1.9067390607752088e-05,2.0463630789890885e-11,0.6807390336043886,0.7215403185824107,1.0810951671658131e-06,2.642595308494089e-05
d1,37038641497-1-3890e545,downstream/celecoxib/b3lyp/mtzvpp,OK,R,1.8395644154622914e-06,8.488333294387473e-05,8.958522812463343e-11,0.70031831003098,0.8022290759558262,2.626754704415646e-06,0.000105809344846719
d1,37038641497-1-3890e545,downstream/fluconazole/b3lyp/mtzvpp,OK,R,8.293415181270802e-07,5.160015780836247e-05,1.6370904631912708e-11,0.529364353049684,1.0570777630021166,1.5666742827491476e-06,4.8813965835226014e-05
d1,37038641497-1-3890e545,downstream/warfarin/b3lyp/mtzvpp,OK,R,1.6745768460779686e-06,2.014543749062625e-05,2.091837814077735e-11,1.2392621116058722,0.3781326865822819,1.3512693000095055e-06,5.327610705307961e-05
d1,37038641497-1-3890e545,downstream/omeprazole/b3lyp/mtzvpp,OK,R,1.0032766804002335e-06,3.483828820716184e-05,4.4565240386873484e-11,0.8409660085539261,0.48030764039321555,1.193005032540384e-06,7.253327925127451e-05
d2a,37040169998-1-3890e545,downstream/paracetamol/wb97m-v/mtzvpp,OK,R,1.2029501785804086e-06,4.0748780359312065e-05,2.9331204132176936e-11,0.7605182534466465,1.142160517858429,1.581750566970186e-06,3.567692957529012e-05
d2a,37040169998-1-3890e545,downstream/propranolol/wb97m-v/mtzvpp,OK,R,3.1024102744581228e-06,7.662114800444098e-05,1.2323653209023178e-10,0.96460211418831,4.890008737168948,3.2162590448692185e-06,1.56689184258596e-05
d2a,37040169998-1-3890e545,downstream/celecoxib/wb97m-v/mtzvpp,OK,R,1.8719658569921194e-06,4.075428487126942e-05,6.275513442233205e-11,0.6200859236848549,0.4937986471197848,3.0188813928688774e-06,8.253219223863795e-05
d2b,37042063662-1-3890e545,downstream/fluconazole/wb97m-v/mtzvpp,OK,R,2.371759107777649e-06,3.7613198879182796e-05,1.5370460459962487e-10,2.4108125829427305,3.9732143413135215,9.838007004603355e-07,9.466692619142236e-06
d2b,37042063662-1-3890e545,downstream/warfarin/wb97m-v/mtzvpp,OK,R,2.2023733405873713e-06,1.0292497848896076e-05,6.411937647499144e-11,0.8363145760782318,0.6588623049812619,2.6334269467298554e-06,1.5621621955119736e-05
d2c,37043596852-1-3890e545,downstream/omeprazole/wb97m-v/mtzvpp,OK,R,2.1685737863208487e-06,1.4350853644096162e-05,1.0231815394945443e-10,1.569016162073727,0.677885535999903,1.382123294035864e-06,2.1170024852246172e-05
