run_id,key,pair,run,arm,wall_s,e,cycles,converged,ngrids,naux,nao,policy,ao_cache_tier,xc,k,vv10,fp64_tail,ao_cache_bytes64,ao_cache_bytes32,cderi_types,cderi_bytes,error
37386887345-1-e9b75f37,speed/sildenafil/b3lyp/mtzvpp,0,,mixed,155.9507,-1884.442880409335,14,True,1212672,3088,835,"MixedPrecision(xc=True, k=True, vv10=False, xc_switch_tol=0.0003, k_switch_tol=0.001, vv10_switch_tol=1e-05, ao_cache_fp64=True)",fp32,"fp32*8,fp64*7","fp32*8,fp64*7",fp64*15,True,0,6541295616,cupy.ndarray,5548073728,
37386887345-1-e9b75f37,speed/sildenafil/b3lyp/mtzvpp,0,,stock,103.7938,-1884.4428804093395,14,True,1212672,3088,835,,,,,,,,,cupy.ndarray,5548073728,
37386887345-1-e9b75f37,speed/sildenafil/b3lyp/mtzvpp,1,,mixed,80.7915,-1884.4428804093332,14,True,1212672,3088,835,"MixedPrecision(xc=True, k=True, vv10=False, xc_switch_tol=0.0003, k_switch_tol=0.001, vv10_switch_tol=1e-05, ao_cache_fp64=True)",fp32,"fp32*8,fp64*7","fp32*8,fp64*7",fp64*15,True,0,6540771328,cupy.ndarray,5548073728,
37386887345-1-e9b75f37,speed/sildenafil/b3lyp/mtzvpp,1,,stock,103.8595,-1884.4428804093386,14,True,1212672,3088,835,,,,,,,,,cupy.ndarray,5548073728,
37386887345-1-e9b75f37,speed/sildenafil/b3lyp/mtzvpp,2,,mixed,78.5303,-1884.442880409334,14,True,1212672,3088,835,"MixedPrecision(xc=True, k=True, vv10=False, xc_switch_tol=0.0003, k_switch_tol=0.001, vv10_switch_tol=1e-05, ao_cache_fp64=True)",fp32,"fp32*8,fp64*7","fp32*8,fp64*7",fp64*15,True,0,6540574720,cupy.ndarray,5548073728,
37386887345-1-e9b75f37,speed/sildenafil/b3lyp/mtzvpp,2,,stock,103.7494,-1884.4428804093395,14,True,1212672,3088,835,,,,,,,,,cupy.ndarray,5548073728,
37386887345-1-e9b75f37,speed/sildenafil/b3lyp/mtzvpp,3,,mixed,78.44,-1884.442880409334,14,True,1212672,3088,835,"MixedPrecision(xc=True, k=True, vv10=False, xc_switch_tol=0.0003, k_switch_tol=0.001, vv10_switch_tol=1e-05, ao_cache_fp64=True)",fp32,"fp32*8,fp64*7","fp32*8,fp64*7",fp64*15,True,0,6540836864,cupy.ndarray,5548073728,
37386887345-1-e9b75f37,speed/sildenafil/b3lyp/mtzvpp,3,,stock,104.032,-1884.4428804093404,14,True,1212672,3088,835,,,,,,,,,cupy.ndarray,5548073728,
37386887345-1-e9b75f37,speed/imatinib/b3lyp/mtzvpp,0,,mixed,86.538,-1582.7441394994798,14,True,1306368,3349,898,"MixedPrecision(xc=True, k=True, vv10=False, xc_switch_tol=0.0003, k_switch_tol=0.001, vv10_switch_tol=1e-05, ao_cache_fp64=True)",fp32,"fp32*11,fp64*4","fp32*8,fp64*7",fp64*15,True,0,5895421952,cupy.ndarray,5230628952,
37386887345-1-e9b75f37,speed/imatinib/b3lyp/mtzvpp,0,,stock,122.7229,-1582.7441394994826,14,True,1306368,3349,898,,,,,,,,,cupy.ndarray,5230628952,
37386887345-1-e9b75f37,speed/imatinib/b3lyp/mtzvpp,1,,mixed,86.6089,-1582.744139499479,14,True,1306368,3349,898,"MixedPrecision(xc=True, k=True, vv10=False, xc_switch_tol=0.0003, k_switch_tol=0.001, vv10_switch_tol=1e-05, ao_cache_fp64=True)",fp32,"fp32*11,fp64*4","fp32*8,fp64*7",fp64*15,True,0,5895618560,cupy.ndarray,5230628952,
37386887345-1-e9b75f37,speed/imatinib/b3lyp/mtzvpp,1,,stock,123.0042,-1582.7441394994862,14,True,1306368,3349,898,,,,,,,,,cupy.ndarray,5230628952,
37386887345-1-e9b75f37,speed/imatinib/b3lyp/mtzvpp,2,,mixed,86.5697,-1582.7441394994798,14,True,1306368,3349,898,"MixedPrecision(xc=True, k=True, vv10=False, xc_switch_tol=0.0003, k_switch_tol=0.001, vv10_switch_tol=1e-05, ao_cache_fp64=True)",fp32,"fp32*11,fp64*4","fp32*8,fp64*7",fp64*15,True,0,5894373376,cupy.ndarray,5230628952,
37386887345-1-e9b75f37,speed/imatinib/b3lyp/mtzvpp,2,,stock,122.8988,-1582.7441394994844,14,True,1306368,3349,898,,,,,,,,,cupy.ndarray,5230628952,
37386887345-1-e9b75f37,speed/imatinib/b3lyp/mtzvpp,3,,mixed,86.7509,-1582.7441394994808,14,True,1306368,3349,898,"MixedPrecision(xc=True, k=True, vv10=False, xc_switch_tol=0.0003, k_switch_tol=0.001, vv10_switch_tol=1e-05, ao_cache_fp64=True)",fp32,"fp32*11,fp64*4","fp32*8,fp64*7",fp64*15,True,0,5895159808,cupy.ndarray,5230628952,
37386887345-1-e9b75f37,speed/imatinib/b3lyp/mtzvpp,3,,stock,122.8072,-1582.7441394994844,14,True,1306368,3349,898,,,,,,,,,cupy.ndarray,5230628952,
37386887345-1-e9b75f37,speed/atorvastatin/b3lyp/mtzvpp,0,,mixed,135.6439,-1864.7173923010678,15,True,1457152,3721,994,"MixedPrecision(xc=True, k=True, vv10=False, xc_switch_tol=0.0003, k_switch_tol=0.001, vv10_switch_tol=1e-05, ao_cache_fp64=True)",fp32,"fp32*11,fp64*5","fp32*9,fp64*7",fp64*16,True,0,8659632128,cupy.ndarray,8623700296,
37386887345-1-e9b75f37,speed/atorvastatin/b3lyp/mtzvpp,0,,stock,183.3425,-1864.7173923010614,14,True,1457152,3721,994,,,,,,,,,cupy.ndarray,8623700296,
37386887345-1-e9b75f37,speed/atorvastatin/b3lyp/mtzvpp,1,,mixed,136.8417,-1864.7173923010687,15,True,1457152,3721,994,"MixedPrecision(xc=True, k=True, vv10=False, xc_switch_tol=0.0003, k_switch_tol=0.001, vv10_switch_tol=1e-05, ao_cache_fp64=True)",fp32,"fp32*11,fp64*5","fp32*9,fp64*7",fp64*16,True,0,8660680704,cupy.ndarray,8623700296,
37386887345-1-e9b75f37,speed/atorvastatin/b3lyp/mtzvpp,1,,stock,183.4725,-1864.7173923010605,14,True,1457152,3721,994,,,,,,,,,cupy.ndarray,8623700296,
37386887345-1-e9b75f37,speed/atorvastatin/b3lyp/mtzvpp,2,,mixed,137.192,-1864.7173923010696,15,True,1457152,3721,994,"MixedPrecision(xc=True, k=True, vv10=False, xc_switch_tol=0.0003, k_switch_tol=0.001, vv10_switch_tol=1e-05, ao_cache_fp64=True)",fp32,"fp32*11,fp64*5","fp32*9,fp64*7",fp64*16,True,0,8658714624,cupy.ndarray,8623700296,
37386887345-1-e9b75f37,speed/atorvastatin/b3lyp/mtzvpp,2,,stock,183.9188,-1864.7173923010596,14,True,1457152,3721,994,,,,,,,,,cupy.ndarray,8623700296,
37386887345-1-e9b75f37,speed/atorvastatin/b3lyp/mtzvpp,3,,mixed,135.8299,-1864.7173923010678,15,True,1457152,3721,994,"MixedPrecision(xc=True, k=True, vv10=False, xc_switch_tol=0.0003, k_switch_tol=0.001, vv10_switch_tol=1e-05, ao_cache_fp64=True)",fp32,"fp32*11,fp64*5","fp32*9,fp64*7",fp64*16,True,0,8661467136,cupy.ndarray,8623700296,
37386887345-1-e9b75f37,speed/atorvastatin/b3lyp/mtzvpp,3,,stock,183.8578,-1864.7173923010614,14,True,1457152,3721,994,,,,,,,,,cupy.ndarray,8623700296,
