csv,scope,run_id,gh_run,repo_sha,sentinel,status,card,mig_instance,idle_power_w,contended,speed_cells,noisy_cells,degraded,sentinel_sha256,sentinel_bytes
b1,PREREG-3 B1,37061160282-1-3890e545,37061160282,3890e545d9cc473b2b1f9fa6ec691cd9714f0402,ci-results/runs/rfcbench-3890e545d9cc-37061160282-1-3890e545.txt,PASS,NVIDIA RTX PRO 6000 Blackwell Workstation Edition,,39.42,False,24,2,False,b4a5b2afb04b074a2cfbfe2285e75826d38a81e0eac4e768ef59c166fa0e2e65,145673
c0,PREREG-2 C0 (commissioning; CONTENTION-UNKNOWN),36951733967-1-0ee605b6,36951733967,0ee605b64285348c2764cb243d4dafa6dfae2e84,ci-results/runs/rfcbench-0ee605b64285-36951733967-1-0ee605b6.txt,PASS,NVIDIA RTX PRO 6000 Blackwell Workstation Edition,,,,10,0,False,e630fa39b06177b47fd17e65a9371869fe902275acd91add5a29f111eaf27663,110862
c0w,PREREG-2 C0w,37044790110-1-3890e545,37044790110,3890e545d9cc473b2b1f9fa6ec691cd9714f0402,ci-results/runs/rfcbench-3890e545d9cc-37044790110-1-3890e545.txt,PASS,NVIDIA RTX PRO 6000 Blackwell Workstation Edition,,25.5,False,3,0,False,cb5746185660facbd61cb3e3fb90b14acd164e3ae8cc636a30eb0bb8cf772b06,38478
d1,"PREREG-4 D1 (STATUS=FAIL, one dipole gate)",37038641497-1-3890e545,37038641497,3890e545d9cc473b2b1f9fa6ec691cd9714f0402,ci-results/runs/rfcbench-3890e545d9cc-37038641497-1-3890e545.txt,FAIL,NVIDIA RTX PRO 6000 Blackwell Workstation Edition,,77.29,False,0,0,False,dc1a6e31d0db6304c0b8e3eeac81a61498600fde034f70f71a9d7f76ad3afb8d,174010
d2a,PREREG-4 D2a,37040169998-1-3890e545,37040169998,3890e545d9cc473b2b1f9fa6ec691cd9714f0402,ci-results/runs/rfcbench-3890e545d9cc-37040169998-1-3890e545.txt,PASS,NVIDIA RTX PRO 6000 Blackwell Workstation Edition,,55.26,False,0,0,False,8a974be7742ec7ccf5dbd17279336f5dd94d86ff161f8d6eaf01f7e304952a9a,47862
d2b,PREREG-4 D2b,37042063662-1-3890e545,37042063662,3890e545d9cc473b2b1f9fa6ec691cd9714f0402,ci-results/runs/rfcbench-3890e545d9cc-37042063662-1-3890e545.txt,PASS,NVIDIA RTX PRO 6000 Blackwell Workstation Edition,,25.97,False,0,0,False,e5dbb949eb6a2c42ef22dae7505f3c665698a6703ce7edc09e94ef9892bdca1d,36461
d2c,PREREG-4 D2c,37043596852-1-3890e545,37043596852,3890e545d9cc473b2b1f9fa6ec691cd9714f0402,ci-results/runs/rfcbench-3890e545d9cc-37043596852-1-3890e545.txt,PASS,NVIDIA RTX PRO 6000 Blackwell Workstation Edition,,27.29,False,0,0,False,49e0853630f9321d9c055f0e4240342700d6f6309c8754c86807917ee57ae708,24205
f0,PREREG-6 F0,37379456085-1-e9b75f37,37379456085,e9b75f3797dd7f0dba228b7fdbc209f13e562540,ci-results/runs/rfcbench-e9b75f3797dd-37379456085-1-e9b75f37.txt,PASS,NVIDIA RTX PRO 6000 Blackwell Server Edition,,65.62,False,6,0,False,350aad6d639d7671cae332d97bc18057315ed9cc343f590d7d5fd8f371278a8d,45753
f1a,PREREG-6 F1a,37382762854-1-e9b75f37,37382762854,e9b75f3797dd7f0dba228b7fdbc209f13e562540,ci-results/runs/rfcbench-e9b75f3797dd-37382762854-1-e9b75f37.txt,PASS,NVIDIA RTX PRO 6000 Blackwell Server Edition,1g.24gb,92.84,False,3,0,False,b56f4cba84e6fcaefb39faf588dfc38d0abe6dc8a19b8682049e36e4eb4d30f9,26963
f1b,PREREG-6 F1b,37386887345-1-e9b75f37,37386887345,e9b75f3797dd7f0dba228b7fdbc209f13e562540,ci-results/runs/rfcbench-e9b75f3797dd-37386887345-1-e9b75f37.txt,PASS,NVIDIA RTX PRO 6000 Blackwell Server Edition,1g.24gb,93.96,False,3,0,False,71f2bcd9894573ebe547b3842af22902569a4c0c8e55ffccec13d09a2351147b,27515
l12,PREREG-1 L12,36968109711-1-78a3412e,36968109711,78a3412e86299f8e64f40a77e52b2fda38aa7465,ci-results/runs/rfcbench-78a3412e8629-36968109711-1-78a3412e.txt,PASS,NVIDIA RTX PRO 6000 Blackwell Workstation Edition,,78.11,False,48,0,False,3aea7d5a313f9cb535d989b9ba3a663d815336d26bb94be1e1affc2b99d02811,322424
m0,PREREG-5 M0,37073279025-1-3890e545,37073279025,3890e545d9cc473b2b1f9fa6ec691cd9714f0402,ci-results/runs/rfcbench-3890e545d9cc-37073279025-1-3890e545.txt,PASS,NVIDIA RTX PRO 6000 Blackwell Server Edition,,72.27,False,8,1,False,c2e3319e27723ee42cba87ce4fc7cb1dd3dbb8ac59c4574a549d093afd30a344,57589
m1a,PREREG-5 M1a,37261720977-1-bda4cf51,37261720977,bda4cf5146c5e569cc86a1ee85145cb8ebbdb349,ci-results/runs/rfcbench-bda4cf5146c5-37261720977-1-bda4cf51.txt,PASS,NVIDIA RTX PRO 6000 Blackwell Server Edition,1g.24gb,153.35,False,6,0,False,8e4f0476eba91ad46c343075647f573588f23bf40d33049770be078b174a5e78,43892
m1b,PREREG-5 M1b,37263100639-1-bda4cf51,37263100639,bda4cf5146c5e569cc86a1ee85145cb8ebbdb349,ci-results/runs/rfcbench-bda4cf5146c5-37263100639-1-bda4cf51.txt,PASS,NVIDIA RTX PRO 6000 Blackwell Server Edition,1g.24gb,159.32,False,2,0,False,3744071a4edf63d0f8668cc3bb2c087ccd7c9fa339b2474a1ae8d8269c7a613f,21513
m2a,"PREREG-5 M2a (CONTENDED, reported separately)",37265768276-1-bda4cf51,37265768276,bda4cf5146c5e569cc86a1ee85145cb8ebbdb349,ci-results/runs/rfcbench-bda4cf5146c5-37265768276-1-bda4cf51.txt,PASS,NVIDIA RTX PRO 6000 Blackwell Server Edition,1g.24gb,276.13,True,6,0,False,48875b598d999977f27e69687f401f94a15cfab887ea69b8c985c8ef27e702e9,43891
m2ar,PREREG-5 M2ar,37310614922-1-bda4cf51,37310614922,bda4cf5146c5e569cc86a1ee85145cb8ebbdb349,ci-results/runs/rfcbench-bda4cf5146c5-37310614922-1-bda4cf51.txt,PASS,NVIDIA RTX PRO 6000 Blackwell Server Edition,1g.24gb,95.07,False,6,0,False,4da83ccdab7ccf2fe315ab41ae08a1cb50fd164285ea4c2fbc94d81f19907114,43897
m2b,"PREREG-5 M2b (CONTENDED, reported separately)",37267116454-1-bda4cf51,37267116454,bda4cf5146c5e569cc86a1ee85145cb8ebbdb349,ci-results/runs/rfcbench-bda4cf5146c5-37267116454-1-bda4cf51.txt,PASS,NVIDIA RTX PRO 6000 Blackwell Server Edition,1g.24gb,371.86,True,2,0,False,80a99c2e9428c9e6180ed5b194456a8f3a6618b545407482498358c33b30d7a2,21506
m2br,PREREG-5 M2br,37312821303-1-bda4cf51,37312821303,bda4cf5146c5e569cc86a1ee85145cb8ebbdb349,ci-results/runs/rfcbench-bda4cf5146c5-37312821303-1-bda4cf51.txt,PASS,NVIDIA RTX PRO 6000 Blackwell Server Edition,1g.24gb,97.93,False,2,0,False,83420b20a45615cbc268933860af783c0530f90596f8c859e8aba557b53538d9,21498
w1,PREREG-1 W1,36971083681-1-78a3412e,36971083681,78a3412e86299f8e64f40a77e52b2fda38aa7465,ci-results/runs/rfcbench-78a3412e8629-36971083681-1-78a3412e.txt,PASS,NVIDIA RTX PRO 6000 Blackwell Workstation Edition,,57.1,False,9,0,False,1176cb5eb0099d302b935f261e505d5f3aef167c35bfd15d6c1f128c2c7185ce,66441
w2,PREREG-1 W2,36973444064-1-78a3412e,36973444064,78a3412e86299f8e64f40a77e52b2fda38aa7465,ci-results/runs/rfcbench-78a3412e8629-36973444064-1-78a3412e.txt,PASS,NVIDIA RTX PRO 6000 Blackwell Workstation Edition,,90.63,False,3,0,False,ee55cd246d484323ec04fe0d17d34a57a9f5a9bd75f6fa9cf389c1c6188ccb54,27756
w3,PREREG-1 W3,36975697910-1-78a3412e,36975697910,78a3412e86299f8e64f40a77e52b2fda38aa7465,ci-results/runs/rfcbench-78a3412e8629-36975697910-1-78a3412e.txt,PASS,NVIDIA RTX PRO 6000 Blackwell Workstation Edition,,92.25,False,5,0,False,c31f1b7212c3bead2dfe58a8ff570ec2fd93a0713c73cfcdc825247f2d666c1a,40620
w4,"PREREG-1 W4 (CONTENDED, reported separately)",36977987637-1-78a3412e,36977987637,78a3412e86299f8e64f40a77e52b2fda38aa7465,ci-results/runs/rfcbench-78a3412e8629-36977987637-1-78a3412e.txt,PASS,NVIDIA RTX PRO 6000 Blackwell Workstation Edition,,575.91,True,4,0,False,d502e07b2ecf5734e29544e23f0960720678ef9dc75a489af45e749c2474af55,34260
w4r,PREREG-1 W4r,37010453926-1-78a3412e,37010453926,78a3412e86299f8e64f40a77e52b2fda38aa7465,ci-results/runs/rfcbench-78a3412e8629-37010453926-1-78a3412e.txt,PASS,NVIDIA RTX PRO 6000 Blackwell Workstation Edition,,75.4,False,4,0,False,913e4cb65ecfc65e2c78156d4cfeb49eba98edfd94b4fdbcab8a638ed658842f,34281
w5,PREREG-1 W5,37008076314-1-78a3412e,37008076314,78a3412e86299f8e64f40a77e52b2fda38aa7465,ci-results/runs/rfcbench-78a3412e8629-37008076314-1-78a3412e.txt,PASS,NVIDIA RTX PRO 6000 Blackwell Workstation Edition,,75.11,False,3,0,False,23d074ff1999aa6dc9b1616cb1314aa822433211cbca08c234ca1b834143e4d5,27790
x2a,PREREG-2 X2a,37065229751-1-3890e545,37065229751,3890e545d9cc473b2b1f9fa6ec691cd9714f0402,ci-results/runs/rfcbench-3890e545d9cc-37065229751-1-3890e545.txt,PASS,NVIDIA L40S,,105.11,False,6,1,False,78476326563fcb01826c3bd8554eab108aa45100e40439b772d9f312602f6690,67554
x2b,PREREG-2 X2b,37067826972-1-3890e545,37067826972,3890e545d9cc473b2b1f9fa6ec691cd9714f0402,ci-results/runs/rfcbench-3890e545d9cc-37067826972-1-3890e545.txt,PASS,NVIDIA L40S,,101.33,False,3,0,False,52c022abd93fe191c271a5e48919ac35fc5ff5cbe1b91b9912ff43e1a495c1f4,39039
x3,PREREG-2 X3,37070570095-1-3890e545,37070570095,3890e545d9cc473b2b1f9fa6ec691cd9714f0402,ci-results/runs/rfcbench-3890e545d9cc-37070570095-1-3890e545.txt,PASS,NVIDIA H100 80GB HBM3,,114.45,False,9,0,False,8b7fce653eeff211fbf81a83fe02800792e5de2fd7dd0cf3f4b4586c339b094c,96068
x4,PREREG-2 X4 (DEGRADED),37071560009-1-3890e545,37071560009,3890e545d9cc473b2b1f9fa6ec691cd9714f0402,ci-results/runs/rfcbench-3890e545d9cc-37071560009-1-3890e545.txt,PASS,NVIDIA A100-SXM4-80GB,,73.73,False,9,2,True,e1bb2c1b3422ba584f75691e39344803e0b5847217608105c9198291128051d6,96075
x4r,PREREG-2 X4r (DEGRADED),37391778846-1-3890e545,37391778846,3890e545d9cc473b2b1f9fa6ec691cd9714f0402,ci-results/runs/rfcbench-3890e545d9cc-37391778846-1-3890e545.txt,PASS,NVIDIA A100-SXM4-80GB,,87.08,False,9,4,True,ca828b8fb86e2d66dd6e42db382405d74c71931177ec0a4de2ae88d59e655612,96087
xl1,PREREG-3 XL1,37048299066-1-3890e545,37048299066,3890e545d9cc473b2b1f9fa6ec691cd9714f0402,ci-results/runs/rfcbench-3890e545d9cc-37048299066-1-3890e545.txt,PASS,NVIDIA RTX PRO 6000 Blackwell Workstation Edition,,60.87,False,6,0,False,b0d60be6e57367313de740542fbbe8169aaa29ef7c0bbdd999f1774eb528b959,42498
xl2,PREREG-3 XL2,37051413598-1-3890e545,37051413598,3890e545d9cc473b2b1f9fa6ec691cd9714f0402,ci-results/runs/rfcbench-3890e545d9cc-37051413598-1-3890e545.txt,PASS,NVIDIA RTX PRO 6000 Blackwell Workstation Edition,,28.94,False,6,0,False,33698455a9769d89e208af069f14138966c90282e50e09d1c8a42e678d56d4e0,42502
xl3a,PREREG-3 XL3a,37055501906-1-3890e545,37055501906,3890e545d9cc473b2b1f9fa6ec691cd9714f0402,ci-results/runs/rfcbench-3890e545d9cc-37055501906-1-3890e545.txt,PASS,NVIDIA RTX PRO 6000 Blackwell Workstation Edition,,24.71,False,1,0,False,850c9990d52dd54969b35b11a3013f5f824645d8b06ecf2e279cee25628d735e,14869
xl3b,PREREG-3 XL3b,37057939484-1-3890e545,37057939484,3890e545d9cc473b2b1f9fa6ec691cd9714f0402,ci-results/runs/rfcbench-3890e545d9cc-37057939484-1-3890e545.txt,PASS,NVIDIA RTX PRO 6000 Blackwell Workstation Edition,,37.93,False,1,0,False,be66fb7442a7edffb7b55e6901088369ac469f296455c2737f6098b33350e857,14892
