molecule,n_atoms,tier
metformin,20,S
paracetamol,20,S
nicotine,26,S
gabapentin,29,S
aspirin,21,S
theophylline,21,S
caffeine,24,S
levodopa,25,S
ibuprofen,33,M
naproxen,31,M
lidocaine,39,M
salbutamol,38,M
phenytoin,31,M
ketoprofen,33,M
diphenhydramine,40,M
propranolol,40,M
atenolol,41,M
metoprolol,44,M
trimethoprim,39,M
diclofenac,30,M
fluconazole,34,L
warfarin,39,L
omeprazole,43,L
celecoxib,40,L
sildenafil,63,XL
imatinib,68,XL
atorvastatin,76,XL
montelukast,77,XL
lopinavir,94,XL
ritonavir,98,XL
