run_id,key,pair,run,arm,wall_s,e,cycles,converged,ngrids,naux,nao,policy,ao_cache_tier,xc,k,vv10,fp64_tail,ao_cache_bytes64,ao_cache_bytes32,error
37008076314-1-78a3412e,speed/metoprolol/wb97m-v/mtzvpp,0,,mixed,126.9006,-866.9575788364991,12,True,807936,1883,506,"MixedPrecision(xc=False, k=False, vv10=True, xc_switch_tol=0.001, k_switch_tol=0.001, vv10_switch_tol=1e-05, ao_cache_fp64=True)",fp64,fp64*13,fp64*13,"fp32*7,df64*6",True,6125715456,0,
37008076314-1-78a3412e,speed/metoprolol/wb97m-v/mtzvpp,0,,stock,78.8057,-866.9575788364996,12,True,807936,1883,506,,,,,,,,,
37008076314-1-78a3412e,speed/metoprolol/wb97m-v/mtzvpp,1,,mixed,24.6484,-866.9575788364996,12,True,807936,1883,506,"MixedPrecision(xc=False, k=False, vv10=True, xc_switch_tol=0.001, k_switch_tol=0.001, vv10_switch_tol=1e-05, ao_cache_fp64=True)",fp64,fp64*13,fp64*13,"fp32*7,df64*6",True,6124929024,0,
37008076314-1-78a3412e,speed/metoprolol/wb97m-v/mtzvpp,1,,stock,79.16,-866.9575788364996,12,True,807936,1883,506,,,,,,,,,
37008076314-1-78a3412e,speed/metoprolol/wb97m-v/mtzvpp,2,,mixed,24.7497,-866.9575788364996,12,True,807936,1883,506,"MixedPrecision(xc=False, k=False, vv10=True, xc_switch_tol=0.001, k_switch_tol=0.001, vv10_switch_tol=1e-05, ao_cache_fp64=True)",fp64,fp64*13,fp64*13,"fp32*7,df64*6",True,6124929024,0,
37008076314-1-78a3412e,speed/metoprolol/wb97m-v/mtzvpp,2,,stock,79.1416,-866.9575788364996,12,True,807936,1883,506,,,,,,,,,
37008076314-1-78a3412e,speed/metoprolol/wb97m-v/mtzvpp,3,,mixed,24.7695,-866.9575788364996,12,True,807936,1883,506,"MixedPrecision(xc=False, k=False, vv10=True, xc_switch_tol=0.001, k_switch_tol=0.001, vv10_switch_tol=1e-05, ao_cache_fp64=True)",fp64,fp64*13,fp64*13,"fp32*7,df64*6",True,6124929024,0,
37008076314-1-78a3412e,speed/metoprolol/wb97m-v/mtzvpp,3,,stock,79.1365,-866.9575788364996,12,True,807936,1883,506,,,,,,,,,
37008076314-1-78a3412e,speed/trimethoprim/wb97m-v/mtzvpp,0,,mixed,26.9095,-988.9528417301883,13,True,747520,1913,524,"MixedPrecision(xc=False, k=False, vv10=True, xc_switch_tol=0.001, k_switch_tol=0.001, vv10_switch_tol=1e-05, ao_cache_fp64=True)",fp64,fp64*14,fp64*14,"fp32*6,df64*8",True,6629621760,0,
37008076314-1-78a3412e,speed/trimethoprim/wb97m-v/mtzvpp,0,,stock,74.3889,-988.9528417301883,13,True,747520,1913,524,,,,,,,,,
37008076314-1-78a3412e,speed/trimethoprim/wb97m-v/mtzvpp,1,,mixed,26.963,-988.9528417301883,13,True,747520,1913,524,"MixedPrecision(xc=False, k=False, vv10=True, xc_switch_tol=0.001, k_switch_tol=0.001, vv10_switch_tol=1e-05, ao_cache_fp64=True)",fp64,fp64*14,fp64*14,"fp32*6,df64*8",True,6629359616,0,
37008076314-1-78a3412e,speed/trimethoprim/wb97m-v/mtzvpp,1,,stock,74.4244,-988.9528417301883,13,True,747520,1913,524,,,,,,,,,
37008076314-1-78a3412e,speed/trimethoprim/wb97m-v/mtzvpp,2,,mixed,26.9137,-988.9528417301879,13,True,747520,1913,524,"MixedPrecision(xc=False, k=False, vv10=True, xc_switch_tol=0.001, k_switch_tol=0.001, vv10_switch_tol=1e-05, ao_cache_fp64=True)",fp64,fp64*14,fp64*14,"fp32*6,df64*8",True,6629883904,0,
37008076314-1-78a3412e,speed/trimethoprim/wb97m-v/mtzvpp,2,,stock,74.3614,-988.9528417301888,13,True,747520,1913,524,,,,,,,,,
37008076314-1-78a3412e,speed/trimethoprim/wb97m-v/mtzvpp,3,,mixed,26.9194,-988.9528417301883,13,True,747520,1913,524,"MixedPrecision(xc=False, k=False, vv10=True, xc_switch_tol=0.001, k_switch_tol=0.001, vv10_switch_tol=1e-05, ao_cache_fp64=True)",fp64,fp64*14,fp64*14,"fp32*6,df64*8",True,6629490688,0,
37008076314-1-78a3412e,speed/trimethoprim/wb97m-v/mtzvpp,3,,stock,74.3206,-988.9528417301883,13,True,747520,1913,524,,,,,,,,,
37008076314-1-78a3412e,speed/diclofenac/wb97m-v/mtzvpp,0,,mixed,19.9613,-1665.7051346864223,13,True,620800,1735,447,"MixedPrecision(xc=False, k=False, vv10=True, xc_switch_tol=0.001, k_switch_tol=0.001, vv10_switch_tol=1e-05, ao_cache_fp64=True)",fp64,fp64*14,fp64*14,"fp32*7,df64*7",True,5177106432,0,
37008076314-1-78a3412e,speed/diclofenac/wb97m-v/mtzvpp,0,,stock,52.601,-1665.7051346864214,13,True,620800,1735,447,,,,,,,,,
37008076314-1-78a3412e,speed/diclofenac/wb97m-v/mtzvpp,1,,mixed,19.9301,-1665.7051346864214,13,True,620800,1735,447,"MixedPrecision(xc=False, k=False, vv10=True, xc_switch_tol=0.001, k_switch_tol=0.001, vv10_switch_tol=1e-05, ao_cache_fp64=True)",fp64,fp64*14,fp64*14,"fp32*7,df64*7",True,5177106432,0,
37008076314-1-78a3412e,speed/diclofenac/wb97m-v/mtzvpp,1,,stock,52.7037,-1665.7051346864218,13,True,620800,1735,447,,,,,,,,,
37008076314-1-78a3412e,speed/diclofenac/wb97m-v/mtzvpp,2,,mixed,19.9377,-1665.7051346864214,13,True,620800,1735,447,"MixedPrecision(xc=False, k=False, vv10=True, xc_switch_tol=0.001, k_switch_tol=0.001, vv10_switch_tol=1e-05, ao_cache_fp64=True)",fp64,fp64*14,fp64*14,"fp32*7,df64*7",True,5177106432,0,
37008076314-1-78a3412e,speed/diclofenac/wb97m-v/mtzvpp,2,,stock,52.6226,-1665.7051346864223,13,True,620800,1735,447,,,,,,,,,
37008076314-1-78a3412e,speed/diclofenac/wb97m-v/mtzvpp,3,,mixed,19.9363,-1665.7051346864223,13,True,620800,1735,447,"MixedPrecision(xc=False, k=False, vv10=True, xc_switch_tol=0.001, k_switch_tol=0.001, vv10_switch_tol=1e-05, ao_cache_fp64=True)",fp64,fp64*14,fp64*14,"fp32*7,df64*7",True,5177106432,0,
37008076314-1-78a3412e,speed/diclofenac/wb97m-v/mtzvpp,3,,stock,52.6673,-1665.7051346864214,13,True,620800,1735,447,,,,,,,,,
