run_id,attempt,molecule,tier,nao,stock_g4p_wall_warm_s,stock_fp64_base_arm_wall_s,xc_only_wall_s,xc_plus_k_wall_s,vs_stock_g4p_over_xck,k_ratio_xconly_over_xck,n_cycle_g4p,n_cycle_fp64_base,n_cycle_xc_only,n_cycle_xc_plus_k,abs_dE_xck_vs_g4p_Ha,max_abs_dE_any_spec_arm_vs_g4p_Ha,spec_timer_status,under_1s_timing_floor
36134049978,3,metformin,S,251,1.5171424495056272,1.541519776917994,0.8396028429269791,0.8014378538355231,1.893025694063343,1.0476206469519824,11,11,11,11,1.1368683772161603e-13,4.547473508864641e-13,FAIL,yes
36134049978,3,paracetamol,S,269,1.9771733656525612,1.9133349498733878,1.008688691072166,0.9446255387738347,2.0930763403020194,1.0678185690188813,12,12,12,12,6.821210263296962e-13,6.821210263296962e-13,FAIL,yes
36134049978,3,nicotine,S,308,2.469728285446763,2.474818748421967,1.473993606865406,1.3593711471185088,1.816816761693011,1.0843202093775972,11,11,11,11,0.0,2.2737367544323206e-13,ok,no
36134049978,3,gabapentin,S,328,2.4021770767867565,2.3978289337828755,1.4653650289401412,1.355914688669145,1.771628478443977,1.0807206686273334,11,11,11,11,3.637978807091713e-12,3.637978807091713e-12,ok,no
36134049978,3,aspirin,S,307,2.1498844996094704,2.1866522766649723,1.3208061959594488,1.1406781757250428,1.884742379894269,1.1579130942168787,13,13,13,13,1.3642420526593924e-12,1.3642420526593924e-12,ok,no
36134049978,3,theophylline,S,317,2.3364726901054382,2.3323261439800262,1.4078488666564226,1.2726675113663077,1.83588617548432,1.1062189095602726,13,13,13,13,4.547473508864641e-12,4.547473508864641e-12,ok,no
36134049978,3,caffeine,S,346,2.7149084229022264,2.945632951334119,1.8958023870363832,1.509141530841589,1.7989753561339132,1.256212454758414,13,13,13,13,3.637978807091713e-12,3.637978807091713e-12,ok,no
36134049978,3,levodopa,S,346,3.0109044145792723,2.9495017407462,1.7459596749395132,1.610091619193554,1.8700205495680693,1.0843852946790764,13,13,13,13,1.8189894035458565e-12,1.8189894035458565e-12,ok,no
36134049978,3,ibuprofen,M,385,3.921321865171194,3.8481981502845883,2.640681396238506,2.1945860665291548,1.7868161677399859,1.203270829298061,13,13,13,13,2.2737367544323206e-13,6.821210263296962e-13,ok,no
36134049978,3,naproxen,M,408,4.124262547120452,4.1178149757906795,2.791689721867442,2.3905367348343134,1.725245417492529,1.1678087523975793,13,13,13,13,1.1368683772161603e-12,1.1368683772161603e-12,ok,no
36134049978,3,lidocaine,M,448,5.1416429951786995,5.140914767049253,3.1904029846191406,2.614218309521675,1.9667993971473134,1.220404192334989,12,12,12,12,1.5916157281026244e-12,1.5916157281026244e-12,ok,no
36134049978,3,salbutamol,M,448,4.796625661663711,4.956905975006521,3.2588912174105644,2.666908205486834,1.7985717137902408,1.2219735237627596,12,12,12,12,2.2737367544323206e-13,2.2737367544323206e-13,ok,no
36134049978,3,phenytoin,M,441,6.002024509944022,5.938150544650853,3.650630627758801,2.874563234858215,2.0879779011854183,1.2699774990125987,13,13,13,13,1.2732925824820995e-11,1.2732925824820995e-11,ok,no
36134049978,3,ketoprofen,M,446,5.050237561576068,5.163675349205732,3.6497020218521357,3.0407058093696833,1.660876743160808,1.2002812013598556,13,13,13,13,1.3642420526593924e-12,1.3642420526593924e-12,ok,no
36134049978,3,diphenhydramine,M,476,5.635329478420317,5.679829239845276,4.129351299256086,3.435894226655364,1.6401347383461133,1.2018272469568312,12,12,12,12,4.547473508864641e-13,9.094947017729282e-13,ok,no
36134049978,3,propranolol,M,481,6.409062426537275,6.499210890382528,4.0579053005203605,3.3222022112458944,1.9291608454302198,1.221450424295083,12,12,12,12,2.7284841053187847e-12,2.7284841053187847e-12,ok,no
36134049978,3,atenolol,M,496,7.0683119324967265,7.127962931059301,4.356896894983947,3.541336686350405,1.9959446272760684,1.2302972806220336,13,13,13,13,1.3642420526593924e-12,1.3642420526593924e-12,ok,no
36134049978,3,metoprolol,M,506,5.778846266679466,5.676640768535435,3.942686589434743,2.9327927865087986,1.9704243318051167,1.3443454333260698,11,11,11,11,3.183231456205249e-12,3.183231456205249e-12,ok,no
36134049978,3,trimethoprim,M,524,7.099962319247425,7.141347026452422,5.074709397740662,3.687038122676313,1.9256547079295643,1.3763647754358121,12,12,12,12,3.183231456205249e-12,3.183231456205249e-12,ok,no
36134049978,3,diclofenac,M,447,5.955557309091091,5.972632959485054,3.833747612312436,3.462906532920897,1.7198146275313095,1.1070895433838757,13,13,13,13,4.547473508864641e-13,1.3642420526593924e-12,ok,no
36152138663,1,fluconazole,L,523,6.872708193026483,6.969456630991772,4.903696021065116,3.7531132280128077,1.8312019317001618,1.3065675675501847,13,13,13,13,7.73070496506989e-12,7.73070496506989e-12,ok,no
36152138663,1,warfarin,L,537,7.9725375910056755,8.186538983951323,5.934005621005781,4.489830360980704,1.7756879325089356,1.3216547494925015,14,14,14,14,1.0913936421275139e-11,1.0913936421275139e-11,ok,no
36152138663,1,omeprazole,L,589,10.194823246914893,10.34514356101863,6.936079417937435,5.627188100013882,1.8117082752022708,1.2326013089770935,13,13,13,14,1.5916157281026244e-10,1.5916157281026244e-10,ok,no
36152138663,1,celecoxib,L,612,12.395583756035194,12.49660816998221,9.271310863085091,6.5984778489219025,1.8785519993918682,1.4050681195512222,13,13,13,13,5.4569682106375694e-12,5.4569682106375694e-12,ok,no
