run_id,leg,contract_engine_selected,molecule,tier,nao,stock_g4p_wall_warm_s,xc_only_wall_s,xc_plus_k_wall_s,vs_stock_g4p_over_xck,k_ratio_xconly_over_xck,n_cycle_g4p,n_cycle_xc_only,n_cycle_xc_plus_k,abs_dE_xck_vs_g4p_Ha,max_abs_dE_any_spec_arm_vs_g4p_Ha
36214605134,E1,cupy,fluconazole,L,523,6.789455206133425,4.773836882086471,3.7426506178453565,1.8140766797094499,1.2755229834503676,13,13,13,9.094947017729282e-12,9.094947017729282e-12
36214605134,E1,cupy,warfarin,L,537,7.981188316829503,5.711334838997573,4.618519064038992,1.7280838741087248,1.2366160580493286,14,14,14,1.2278178473934531e-11,1.2278178473934531e-11
36214605134,E1,cupy,omeprazole,L,589,10.372084975009784,7.06502746604383,5.664516176097095,1.831062822060162,1.247242879428354,13,13,14,1.596163201611489e-10,1.596163201611489e-10
36214605134,E1,cupy,celecoxib,L,612,12.486610595835373,9.103638499043882,6.872397973900661,1.8169219307810511,1.3246669552049828,13,13,13,3.183231456205249e-12,3.183231456205249e-12
36214605134,C,cutensor,fluconazole,L,523,6.437099511036649,4.472792654065415,3.4034105301834643,1.8913673369546902,1.3142089719703327,13,13,13,5.002220859751105e-12,5.002220859751105e-12
36214605134,C,cutensor,warfarin,L,537,7.5959631418809295,5.301963515114039,4.065105701098219,1.8685770310545242,1.3042621533018623,14,14,14,7.275957614183426e-12,7.275957614183426e-12
36214605134,C,cutensor,omeprazole,L,589,9.570090691791847,6.2121111480519176,5.020896397065371,1.906052213581902,1.2372514102626757,13,13,14,1.709850039333105e-10,1.709850039333105e-10
36214605134,C,cutensor,celecoxib,L,612,11.10270853410475,7.1278361978475,5.491103186970577,2.021944981920851,1.2980699788633736,13,13,13,4.092726157978177e-12,4.092726157978177e-12
36214605134,E2,cupy,fluconazole,L,523,6.75951744383201,4.8663867469877005,3.8187043729703873,1.7701075505287425,1.2743554545444875,13,13,13,8.640199666842818e-12,8.640199666842818e-12
36214605134,E2,cupy,warfarin,L,537,8.067979461047798,5.7378718389663845,4.721892175031826,1.708632717983108,1.2151636730094775,14,14,14,1.0459189070388675e-11,1.0459189070388675e-11
36214605134,E2,cupy,omeprazole,L,589,10.383737368043512,7.20178692904301,5.618864403106272,1.8480135171624856,1.2817157369132546,13,13,14,1.609805622138083e-10,1.609805622138083e-10
36214605134,E2,cupy,celecoxib,L,612,12.703647342976183,9.252773449989036,6.751484322128817,1.8816080637762012,1.3704798839067043,13,13,13,5.9117155615240335e-12,5.9117155615240335e-12
