run_id,dispatch,molecule,tier,role,nao,g4p_wall_warm_s,spec_wall_warm_s,ratio_g4p_over_spec,n_cycle_g4p,n_cycle_spec,abs_dE_g4p_vs_spec_Ha,xc_bucket_fp64_base_s,xc_bucket_spec_s,xc_bucket_speedup
35550452536,A,metformin,S,tier,251,3.802383441478014,1.915104452520609,1.9854705243222734,12,12,4.547473508864641e-13,3.5061840964481235,1.6562490230426192,2.1169425899536973
35550452536,A,paracetamol,S,tier,269,4.391085642389953,2.416522143408656,1.8171096235832755,14,14,0.0,4.0423640459775925,2.025305804796517,1.9959277440493635
35550452536,A,nicotine,S,tier,308,5.376110435463488,2.940201965160668,1.8284833828310532,12,12,0.0,4.953949136659503,2.4920558501034975,1.987896513817602
35550452536,A,gabapentin,S,tier,328,5.274628312326968,2.6892700865864754,1.961360570898299,12,12,4.547473508864641e-13,4.819981102831662,2.273390678688884,2.1201728097220203
35550452536,A,aspirin,S,tier,307,4.813924343325198,2.69160442892462,1.7884962186841513,14,14,0.0,4.428227852098644,2.3207798590883613,1.9080775088414121
35550452536,A,theophylline,S,tier,317,5.801451816223562,3.2738836482167244,1.7720397056210586,16,16,0.0,5.3158181784674525,2.8524159425869584,1.863619572132368
35550452536,A,caffeine,S,tier,346,6.245958345942199,3.5803932221606374,1.7444894899485341,16,16,9.094947017729282e-13,5.633607497438788,3.0494804829359055,1.8473990992770675
35550452536,A,levodopa,S,tier,346,6.174922352656722,3.309020849876106,1.8660874720350944,14,14,2.2737367544323206e-13,5.7076582331210375,2.8562399884685874,1.9983118562040991
35550452536,A,ibuprofen,M,tier,385,7.792635007761419,4.544527487829328,1.7147294253650855,14,14,4.547473508864641e-13,7.028146931901574,3.9236158691346645,1.79124235560083
35550452536,A,naproxen,M,tier,408,7.626596270129085,3.829257305711508,1.9916646130709672,14,14,4.547473508864641e-13,6.889450683258474,3.1340482188388705,2.198259312618661
35550452536,A,lidocaine,M,tier,448,9.948608232662082,5.186824799515307,1.9180536488511717,14,14,4.547473508864641e-13,9.083147930912673,4.107465404085815,2.2113753951225985
35550452536,A,salbutamol,M,tier,448,8.564548221416771,4.548315430060029,1.8830154489315478,13,13,4.547473508864641e-13,7.643732109107077,3.6733916122466326,2.0808377967717413
35550452536,A,phenytoin,M,tier,441,11.55721672065556,6.206646586768329,1.8620710167860808,16,16,4.547473508864641e-13,10.515769361518323,5.261753661558032,1.998529394932668
35550452536,A,ketoprofen,M,tier,446,10.112651964649558,5.934274367056787,1.704109270846726,17,17,0.0,9.251554525457323,4.974866895005107,1.8596587045868742
35550452536,A,diphenhydramine,M,tier,476,9.52537390589714,5.675108052790165,1.6784480255338916,13,13,9.094947017729282e-13,8.44167108181864,4.473993727937341,1.8868312284627475
35550452536,A,propranolol,M,tier,481,11.173954697325826,6.454111546278,1.7312924663921707,14,14,9.094947017729282e-13,9.93265922088176,5.443061712197959,1.8248294335194777
35550452536,A,atenolol,M,tier,496,10.987296115607023,6.195723594166338,1.773367702515369,14,14,9.094947017729282e-13,9.891085629351437,4.9502096036449075,1.9981145085388898
35550452536,A,metoprolol,M,tier,506,10.361253311857581,5.66630489192903,1.828573207667653,13,13,0.0,9.32437351346016,4.581692393869162,2.0351373928850522
35550452536,A,trimethoprim,M,tier,524,10.830084168352187,6.501708494499326,1.665728966088655,14,14,9.094947017729282e-13,9.477519144304097,4.493511840701103,2.109156374855654
35550452536,A,diclofenac,M,tier,447,9.98371081519872,5.953585476614535,1.6769240744782064,14,14,4.547473508864641e-13,8.971788379363716,4.906490712426603,1.8285550519113363
35551843564,B,fluconazole,L,tier,523,11.009883254766464,6.048575831577182,1.8202438989502772,14,14,4.547473508864641e-13,9.865596380084753,4.7481200927868485,2.0777899857824083
35551843564,B,warfarin,L,tier,537,14.345817104913294,7.677686217240989,1.8685078679952263,17,17,4.547473508864641e-13,12.721541633829474,6.114239650778472,2.080641643186124
35551843564,B,omeprazole,L,tier,589,16.565549575723708,8.931723397225142,1.854686810036034,17,17,9.094947017729282e-13,14.732886239886284,7.049770897254348,2.089839011027189
35551843564,B,celecoxib,L,tier,612,15.604055198840797,9.170518786646426,1.7015455245086584,15,15,9.094947017729282e-13,13.68976679816842,7.083129573613405,1.9327285567620485
35551843564,B,paracetamol,S,canary_excluded,269,4.392313892953098,2.344493916258216,1.8734592836833537,14,14,0.0,4.032292498275638,2.0258846059441566,1.9903860695937325
