run_id,gpu_class,gpu_model,spec_xc_mode,molecule,nao,xc_base_s,xc_spec_s,xcspeedup,shadow_wall_s,xc_spec_net_of_shadows_s,xcspeedup_net_of_shadows,g4p_wall_warm_s,spec_fp64_base_arm_wall_s,spec_wall_warm_s,e2e_base_over_spec,e2e_g4p_over_spec,g4p_df_build_warm_s,spec_base_df_build_s,spec_df_build_warm_s,g4p_scf_iter_warm_s,spec_base_scf_iter_s,spec_scf_iter_warm_s,n_cycle_g4p,n_cycle_spec_base,n_cycle_spec,abs_dE_g4p_vs_spec_Ha
32079364413,h100,NVIDIA H100 80GB HBM3,mp,paracetamol,269,1.7431807802058756,1.3340311194770038,1.3067017363802396,0.24162254016846418,1.0924085793085396,1.5957223453053202,2.1509838320780545,2.2178824259899557,1.6871155600529164,1.3146001841867856,1.2749475394623169,0.08524391311220825,0.11400363990105689,0.10411331802606583,1.9813684711698443,2.018642476061359,1.4967711430508643,14,14,14,4.547473508864641e-13
32079364413,h100,NVIDIA H100 80GB HBM3,mp,propranolol,481,3.1840840883087367,2.606147004524246,1.2217592034452385,0.4695525069255382,2.1365944975987077,1.4902612975402163,4.002585561946034,4.002396399853751,3.2624737778678536,1.2267980288471358,1.226856010031097,0.16631706897169352,0.19501688098534942,0.1964353348594159,3.732742669992149,3.716947881039232,2.9723675409331918,14,14,14,4.547473508864641e-13
32079364413,h100,NVIDIA H100 80GB HBM3,mp,celecoxib,612,3.6914316781330854,2.933261942351237,1.25847324605934,0.4782473661471158,2.455014576204121,1.5036292305199588,4.771142720943317,4.805183396907523,3.9511795851867646,1.2161389512444527,1.2075236313810307,0.24658797914162278,0.29211802198551595,0.2840240919031203,4.382105189142749,4.3820681408979,3.536811106139794,15,15,15,1.8189894035458565e-12
32372635923,a100,NVIDIA A100-SXM4-80GB,mp,paracetamol,269,2.263086768332869,1.8604711655061692,1.2164051828866491,0.3209173660725355,1.5395537994336337,1.4699627704893496,2.706715818028897,2.7014169609174132,2.4014876200817525,1.1248931447023034,1.1270996341579116,0.14387748599983752,0.1533154700882733,0.2551675299182534,2.4788459402043372,2.46414458588697,2.0579671720042825,14,14,14,0.0
32372635923,a100,NVIDIA A100-SXM4-80GB,mp,propranolol,481,4.241657202132046,3.630672062980011,1.1682843089525816,0.6010573459789157,3.0296147170010954,1.400064892188901,5.240343366051093,5.458376714959741,4.824423209996894,1.1314050358702372,1.0862113744897737,0.23483586008660495,0.31526927603408694,0.4184217539150268,4.915107922861353,5.050233399029821,4.309939194936305,14,14,14,9.094947017729282e-13
32372635923,a100,NVIDIA A100-SXM4-80GB,mp,celecoxib,612,4.928287257673219,4.857577307149768,1.0145566289638612,1.1725498670712113,3.6850274400785565,1.3373814273600522,6.749693735968322,6.926381698809564,9.028541079955176,0.7671651086782175,0.7475951735938529,0.3996102900709957,0.5859091440215707,2.7378578970674425,6.216116641880944,6.2022779860999435,6.147984714014456,15,15,15,5.9117155615240335e-12
31978102688,pro6000,NVIDIA RTX PRO 6000 Blackwell Workstation Edition,mp-prod,paracetamol,269,4.306107557378709,2.282764218747616,1.8863566907234741,0.0,2.282764218747616,1.8863566907234741,4.737687934190035,4.760399158112705,2.690769392065704,1.7691591007946414,1.760718680746146,0.1248108558356762,0.14138135313987732,0.14233091939240694,4.549620499834418,4.5563076715916395,2.484074234031141,14,14,14,0.0
31978102688,pro6000,NVIDIA RTX PRO 6000 Blackwell Workstation Edition,mp-prod,propranolol,481,10.487148618325591,5.920655109919608,1.7712817962923006,0.0,5.920655109919608,1.7712817962923006,11.610398418270051,11.656470783054829,7.066747057251632,1.6494818179594235,1.642962217864568,0.5413894169032574,0.5775607386603951,0.5792213454842567,10.977891601622105,10.992672971449792,6.399439782835543,14,14,14,4.547473508864641e-13
31978102688,pro6000,NVIDIA RTX PRO 6000 Blackwell Workstation Edition,mp-prod,celecoxib,612,14.384071652777493,7.616265004500747,1.8885991551340962,0.0,7.616265004500747,1.8885991551340962,16.454407189041376,16.50013210810721,9.739033588208258,1.6942268407498968,1.6895318246939717,1.140729719772935,1.1854533972218633,1.1849742736667395,15.190968758426607,15.197606503032148,8.43672998342663,15,15,15,9.094947017729282e-13
