run_id,attempt,sha12,stage,molecule,nao,tol,fp32_variant,tail,shadowed,switch_call,switch_kind,n_fp32,n_tail,n_cycle_base,n_cycle_spec,abs_dE_spec_vs_base_Ha,wall_base_s,wall_spec_s,e2e_base_over_spec,e2e_projected,nlc_base_s,nlc_spec_s,mechanism_nlc_base_over_spec,g4p_wall_warm_s,spec_speedup_g4p_over_spec,cert_call,cert_rel_E,cert_rel_U,cert_rel_W,cert_denlc_Ha,cert_wall_s,matrix_variant,matrix_kernel_median_s,matrix_stock_uwe_median_s,matrix_stock_over_kernel,matrix_max_rel,matrix_max_abs_dEnlc_Ha
36769392379,1,e09687c1f732,fp32_commission,paracetamol,269,0.0001,f16_t2_hilo,stock,yes,7,dexc,6,7,12,12,4.547473508864641e-13,19.195190896978602,13.813752167974599,,,,,,,,,,,,,,f32_t1_hilo,0.041129135131835935,1.1803030395507812,28.69749231943294,1.1031750454544927e-07,4.497533576573773e-11
36769392379,1,e09687c1f732,fp32_commission,propranolol,481,0.0001,f16_t2_hilo,stock,yes,6,dexc,5,9,13,13,0.0,76.52492369094398,59.330659626051784,,,,,,,,,,,,,,f32_t1_hilo,0.14667745971679685,4.505142822265626,30.71462262139052,9.934328647164794e-08,6.470072935319547e-11
36769392379,1,e09687c1f732,fp32_commission,celecoxib,612,0.0001,f16_t2_hilo,stock,yes,6,dexc,5,9,13,13,4.547473508864641e-13,93.00330242794007,73.51523837598506,,,,,,,,,,,,,,f32_t1_hilo,0.16808686065673828,5.116269775390625,30.43824933966083,1.162892358838466e-07,1.1748174189520664e-10
36781246916,1,98d52242eafa,fp32_stock_tail_tol1e-4,paracetamol,269,0.0001,f32_t1_hilo,stock,no,7,dexc,6,7,12,12,0.0,18.951334080891684,12.1848464848008,1.5553198888907875,1.5524001519809714,16.112470602616668,9.329418713925406,1.727060505770488,18.889780309982598,1.5502682232021088,,,,,,,,,,,,
36781246916,1,98d52242eafa,fp32_stock_tail_tol1e-4,propranolol,481,0.0001,f32_t1_hilo,stock,no,6,dexc,5,9,13,13,0.0,75.50360077992082,54.19007623498328,1.3933104735360797,1.3993292403036452,65.10677232965827,43.79981335764751,1.4864623234356897,75.48392048291862,1.3929473019303256,,,,,,,,,,,,
36781246916,1,98d52242eafa,fp32_stock_tail_tol1e-4,celecoxib,612,0.0001,f32_t1_hilo,stock,no,6,dexc,5,9,13,13,9.094947017729282e-13,91.81186704686843,67.35225437697954,1.3631595244456878,1.3628782304337153,74.64236024557613,50.174450806109235,1.4876567465385726,91.82339478796348,1.3633306804255683,,,,,,,,,,,,
36792813279,1,95c93b39b5e7,fp32_stock_tail_tol1e-5,paracetamol,269,1e-05,f32_t1_hilo,stock,no,8,dexc,7,6,12,12,2.2737367544323206e-13,19.171371306991205,11.345751472050324,1.6897401070540716,1.6982302199146446,16.1718280648347,8.29617835697718,1.9493105583047174,19.17395732505247,1.6899680353731112,,,,,,,,,,,,
36792813279,1,95c93b39b5e7,fp32_stock_tail_tol1e-5,propranolol,481,1e-05,f32_t1_hilo,stock,no,8,dexc,7,7,13,13,4.547473508864641e-13,75.85547340195626,45.98875595303252,1.6494352114987862,1.663000200693023,65.30342043517157,35.391865748679265,1.8451533722154372,75.73621952999383,1.6468421021725799,,,,,,,,,,,,
36792813279,1,95c93b39b5e7,fp32_stock_tail_tol1e-5,celecoxib,612,1e-05,f32_t1_hilo,stock,no,8,dexc,7,7,13,13,4.547473508864641e-13,92.26696071284823,57.94718938902952,1.592259463930378,1.589290227153918,74.84745724964887,40.55837968387641,1.845425232295553,92.40939673501998,1.5947174955221348,,,,,,,,,,,,
36869739118,1,e87884eb7077,df64_commission,paracetamol,269,1e-05,f32_t1_hilo,df64,yes,8,dexc,7,6,12,12,4.547473508864641e-13,19.181837524287403,13.682774048298597,,,,,,,,13,7.716955581314992e-14,7.303400917881769e-14,5.397132184498319e-14,2.0038843986534536e-15,1.1738953832536936,df64_f32_t1,0.22480894470214843,1.1764559936523438,5.23313694306533,8.530952270362283e-14,2.0613488952891878e-15
36869739118,1,e87884eb7077,df64_commission,propranolol,481,1e-05,f32_t1_hilo,df64,yes,8,dexc,7,7,13,13,4.547473508864641e-13,76.0729648405686,56.05317172780633,,,,,,,,14,1.610376984740668e-13,1.5678413820824478e-13,1.1455544939752195e-13,1.0637937168596321e-14,4.480920876376331,df64_f32_t1,0.84272314453125,4.4926950683593745,5.331163736885805,1.820405778488992e-13,1.1071596508223225e-14
36869739118,1,e87884eb7077,df64_commission,celecoxib,612,1e-05,f32_t1_hilo,df64,yes,8,dexc,7,7,13,13,4.547473508864641e-13,92.43283629231155,69.76016670744866,,,,,,,,14,1.495261800815747e-13,1.5263307477806905e-13,1.221940764204654e-13,1.2223484970329789e-14,5.084337844513357,df64_f32_t1,0.9593948669433594,5.103853515625,5.319867440906706,2.2882534871617084e-13,1.2801852249036784e-14
36873230133,1,96d4a735a979,df64_tail_shadowed,paracetamol,269,1e-05,f32_t1_hilo,df64,yes,8,dexc,7,6,12,12,0.0,19.304213023991906,15.022871637003846,1.2849882159974262,1.3860401659847397,16.138381908996962,10.79481804902025,1.4950119432964133,19.192401206004433,1.277545443357869,13,7.684117472458282e-14,7.21781418837526e-14,5.467224810270788e-14,2.0034303165651843e-15,1.168404654992628,,,,,,
36873230133,1,96d4a735a979,df64_tail_shadowed,propranolol,481,1e-05,f32_t1_hilo,df64,yes,8,dexc,7,7,13,13,0.0,75.59699937500409,60.874298883005395,1.2418541282963163,1.338406123776248,65.08018356699904,45.74552581399621,1.4226568043313919,75.64040608199139,1.2425671830301495,14,1.6255156637980793e-13,1.5912419997262454e-13,1.150502893518109e-13,1.0637172439872662e-14,4.4493305170035455,,,,,,
36873230133,1,96d4a735a979,df64_tail_shadowed,celecoxib,612,1e-05,f32_t1_hilo,df64,yes,8,dexc,7,7,13,13,4.547473508864641e-13,91.97524796599464,75.10363317499286,1.2246444556375935,1.3131800566139125,74.61504540099122,52.76268230800633,1.4141632331241234,91.96313301599002,1.224483145864784,14,1.4808689064760757e-13,1.5486310346809472e-13,1.2110467900819123e-13,1.2224976749281762e-14,5.049932323003304,,,,,,
36875554583,1,96d4a735a979,df64_tail_production,paracetamol,269,1e-05,f32_t1_hilo,df64,no,8,dexc,7,6,12,12,2.2737367544323206e-13,19.138155259002815,6.813268432000768,2.808953654183672,2.8346006327943685,16.14089357102057,2.6267361539794365,6.1448476835282975,19.086224143000436,2.8013315978210507,13,7.77168576274266e-14,7.350949100940772e-14,5.17517220288463e-14,2.0034436620956605e-15,1.168582897997112,,,,,,
36875554583,1,96d4a735a979,df64_tail_production,propranolol,481,1e-05,f32_t1_hilo,df64,no,8,dexc,7,7,13,13,9.094947017729282e-13,75.7255520040053,25.536767447993043,2.96535386313966,2.9744823278301493,65.07790549901256,10.374264081023284,6.273014161848238,75.86103602699586,2.970659312361708,14,1.607538482417372e-13,1.6068424114876512e-13,1.0354526041656598e-13,1.0637298169652432e-14,4.46742863599502,,,,,,
36875554583,1,96d4a735a979,df64_tail_production,celecoxib,612,1e-05,f32_t1_hilo,df64,no,8,dexc,7,7,13,13,4.547473508864641e-13,92.15505687099358,34.979775697996956,2.63452395082884,2.6363420889050286,74.61258131598879,12.409036888027913,6.012761666296124,92.11766259100114,2.6334549251062254,14,1.4816685117172957e-13,1.5436754153684467e-13,1.2164937771421149e-13,1.222354450485556e-14,5.071402063011192,,,,,,
